<?xml version="1.0"?>
<ArrayOfJoinItems xmlns:xsi="http://www.w3.org/2001/XMLSchema-instance" xmlns:xsd="http://www.w3.org/2001/XMLSchema">
  <JoinItems>
    <BetonBindevolumen>5.3193998336791992</BetonBindevolumen>
    <Zeittype>5</Zeittype>
    <Zeit>2019-01-10T14:46:51.737</Zeit>
    <Stationsnummer>507</Stationsnummer>
    <PalettenID>67273</PalettenID>
    <F_Palettennummer>5</F_Palettennummer>
    <ProdNr>48</ProdNr>
    <Elements>Zkvp44a.2В-658.269.20-1-1э+003,Zkvp48A.2В-488.269.20-2+025</Elements>
    <ArrayElements>
      <string>Zkvp44a.2В-658.269.20-1-1э+003</string>
      <string>Zkvp48A.2В-488.269.20-2+025</string>
    </ArrayElements>
  </JoinItems>
  <JoinItems>
    <BetonBindevolumen>3.0765001773834229</BetonBindevolumen>
    <Zeittype>5</Zeittype>
    <Zeit>2019-01-10T13:28:15.353</Zeit>
    <Stationsnummer>514</Stationsnummer>
    <PalettenID>67272</PalettenID>
    <F_Palettennummer>69</F_Palettennummer>
    <ProdNr>47</ProdNr>
    <Elements>Zkvp3Ls.3В-648.269.20-4-1э+031,Zkvp3Pi.3В-197.289.20-1+054</Elements>
    <ArrayElements>
      <string>Zkvp3Ls.3В-648.269.20-4-1э+031</string>
      <string>Zkvp3Pi.3В-197.289.20-1+054</string>
    </ArrayElements>
  </JoinItems>
  <JoinItems>
    <BetonBindevolumen>5.0588998794555664</BetonBindevolumen>
    <Zeittype>5</Zeittype>
    <Zeit>2019-01-10T14:01:31.62</Zeit>
    <Stationsnummer>521</Stationsnummer>
    <PalettenID>67271</PalettenID>
    <F_Palettennummer>41</F_Palettennummer>
    <ProdNr>46</ProdNr>
    <Elements>Zkvp3Ll.3В-618.269.20-5-1э+030,Zkvp3Pw.В-М3-587.269.20-1-1э+056</Elements>
    <ArrayElements>
      <string>Zkvp3Ll.3В-618.269.20-5-1э+030</string>
      <string>Zkvp3Pw.В-М3-587.269.20-1-1э+056</string>
    </ArrayElements>
  </JoinItems>
  <JoinItems>
    <BetonBindevolumen>4.1529998779296875</BetonBindevolumen>
    <Zeittype>1</Zeittype>
    <Zeit>2019-01-10T16:35:19.567</Zeit>
    <Stationsnummer>507</Stationsnummer>
    <PalettenID>67266</PalettenID>
    <F_Palettennummer>12</F_Palettennummer>
    <ProdNr>41</ProdNr>
    <Elements>Zkvp3Le.В-М3-718.269.20-1-1э+029,Zkvp3Ox.3В-198.289.20-4+050</Elements>
    <ArrayElements>
      <string>Zkvp3Le.В-М3-718.269.20-1-1э+029</string>
      <string>Zkvp3Ox.3В-198.289.20-4+050</string>
    </ArrayElements>
  </JoinItems>
  <JoinItems>
    <BetonBindevolumen>4.1529998779296875</BetonBindevolumen>
    <Zeittype>5</Zeittype>
    <Zeit>2019-01-10T16:35:57.607</Zeit>
    <Stationsnummer>507</Stationsnummer>
    <PalettenID>67266</PalettenID>
    <F_Palettennummer>12</F_Palettennummer>
    <ProdNr>41</ProdNr>
    <Elements>Zkvp3Le.В-М3-718.269.20-1-1э+029,Zkvp3Ox.3В-198.289.20-4+050</Elements>
    <ArrayElements>
      <string>Zkvp3Le.В-М3-718.269.20-1-1э+029</string>
      <string>Zkvp3Ox.3В-198.289.20-4+050</string>
    </ArrayElements>
  </JoinItems>
</ArrayOfJoinItems>